{"0": {"0": ["normal", {"mean": 3128.687000336305, "variance": 24943.198299394888}], "1": ["normal", {"mean": 156.09448990789963, "variance": 13603.262872558087}], "2": ["normal", {"mean": 13.124645257214333, "variance": 46.47953096559102}], "3": ["normal", {"mean": 270.5494633870045, "variance": 47094.26342616406}], "4": ["normal", {"mean": 42.08291983550555, "variance": 3202.516441545312}], "5": ["normal", {"mean": 2613.878405088236, "variance": 2238849.8571052253}], "6": ["normal", {"mean": 212.0416192201264, "variance": 614.4756467597779}], "7": ["normal", {"mean": 223.42760887137217, "variance": 329.8414167790481}], "8": ["normal", {"mean": 143.8251744951, "variance": 1296.95438464944}], "9": ["normal", {"mean": 2009.9142776227366, "variance": 1527784.674876921}], "10": ["uniform", {"0": 0.49938344081326813, "1": 0.08733900135112013, "2": 0.41327755783561176, "3": 0.125}], "11": ["uniform", {"0": 0.0125, "1": 0.0125, "2": 0.0125, "3": 0.0008850131866964818, "4": 0.0125, "5": 0.0125, "6": 0.0125, "7": 0.00017700263733929635, "8": 0.0007729115163815941, "9": 0.004543067691708607, "10": 0.003587253450076406, "11": 0.01261438795438052, "12": 0.010313353668969667, "13": 0.0125, "14": 0.0125, "15": 0.003062145625969827, "16": 0.001020715208656609, "17": 0.0003009044834768038, "18": 0.0117057744160388, "19": 0.01762946267899392, "20": 0.0038114567907061815, "21": 0.12171291352241148, "22": 0.1681820059118881, "23": 0.052180377487624566, "24": 0.0005782086153083681, "25": 0.0013216196921334129, "26": 0.002961844131477559, "27": 0.00020060298898453587, "28": 0.19800695030355953, "29": 0.03590793502823192, "30": 0.055726330322321806, "31": 0.1008207022284632, "32": 0.08592888034031707, "33": 0.0004307064175256211, "34": 0.004336564614812761, "35": 7.080105493571855e-05, "36": 0.0125, "37": 0.04123571441214474, "38": 0.03705255208302604, "39": 0.02292184153543888}]}, "1": {"0": ["normal", {"mean": 2920.7416133603506, "variance": 34861.73999924943}], "1": ["normal", {"mean": 152.0459206872652, "variance": 11594.686784094169}], "2": ["normal", {"mean": 13.553935396718185, "variance": 50.32585773569926}], "3": ["normal", {"mean": 279.80584140101803, "variance": 44119.262218394215}], "4": ["normal", {"mean": 45.816092106250636, "variance": 3291.6187691199643}], "5": ["normal", {"mean": 2428.384578030293, "variance": 2620323.2739029}], "6": ["normal", {"mean": 213.82245354735323, "variance": 622.6619787955476}], "7": ["normal", {"mean": 225.32823888292918, "variance": 342.7777302416456}], "8": ["normal", {"mean": 143.00894398311857, "variance": 1311.6396162788726}], "9": ["normal", {"mean": 2167.311353031286, "variance": 2027646.800365943}], "10": ["uniform", {"0": 0.5156519704574852, "1": 0.031692425867800335, "2": 0.44187956083541924, "3": 0.010776042839295253}], "11": ["uniform", {"0": 0.0125, "1": 0.0030063437826956443, "2": 0.004123238022081838, "3": 0.011451476905011014, "4": 0.0125, "5": 0.0032314884712675647, "6": 0.00037524114761986746, "7": 0.00047236238582736256, "8": 0.0035581689997836847, "9": 0.03838054749890739, "10": 0.032182446660574515, "11": 0.09596902715421528, "12": 0.0467682907986456, "13": 0.0125, "14": 0.0125, "15": 0.006123052608808896, "16": 0.0033241951077383554, "17": 0.005972956149760949, "18": 0.005134181819787128, "19": 0.018541327294158156, "20": 7.063362778726918e-05, "21": 0.02625363652818061, "22": 0.07318968219282097, "23": 0.03409838381430419, "24": 0.0012184300793303931, "25": 0.007575456580184619, "26": 0.0015186229974262873, "27": 0.0031608548434802954, "28": 0.2519457357154524, "29": 0.07125608663214449, "30": 0.04663143814480777, "31": 0.10444064788695089, "32": 0.08981507233324945, "33": 0.005041475183316337, "34": 4.414601736704323e-05, "35": 0.00015451106078465132, "36": 0.0125, "37": 0.0025383959986049857, "38": 0.0012802345036442538, "39": 0.0011522110532798285}]}, "2": {"0": ["normal", {"mean": 2394.4875187654925, "variance": 38811.359482157626}], "1": ["normal", {"mean": 176.82955695981565, "variance": 11561.885479263941}], "2": ["normal", {"mean": 20.791781587124255, "variance": 80.9056694848687}], "3": ["normal", {"mean": 210.5026708096219, "variance": 20243.687959838106}], "4": ["normal", {"mean": 62.581747721956496, "variance": 3487.316924017493}], "5": ["normal", {"mean": 944.4074293893796, "variance": 378113.14221419685}], "6": ["normal", {"mean": 201.85902314701673, "variance": 1645.0827014687402}], "7": ["normal", {"mean": 215.84439479104842, "variance": 783.3946465883563}], "8": ["normal", {"mean": 140.44366861013162, "variance": 2763.583543722591}], "9": ["normal", {"mean": 909.1719791921238, "variance": 277200.9405359437}], "10": ["uniform", {"0": 0.125, "1": 0.125, "2": 0.4007610934608805, "3": 0.5992389065391195}], "11": ["uniform", {"0": 0.058129385888349684, "1": 0.14055790245435185, "2": 0.0676954229654715, "3": 0.20971965227106099, "4": 0.02642879586635478, "5": 0.11269769228083651, "6": 0.0125, "7": 0.0125, "8": 0.0125, "9": 0.3223824320078204, "10": 0.03679782145724959, "11": 0.0125, "12": 0.0010822888663896938, "13": 0.0032817791432461683, "14": 0.0125, "15": 0.0036658171280941243, "16": 0.014209405439374366, "17": 0.0125, "18": 0.0125, "19": 3.49125440770869e-05, "20": 0.0125, "21": 0.0125, "22": 0.0125, "23": 0.0125, "24": 0.0125, "25": 0.0125, "26": 0.0125, "27": 0.0125, "28": 0.0125, "29": 0.0125, "30": 0.0125, "31": 0.0031421289669378207, "32": 0.00017456272038543448, "33": 0.0125, "34": 0.0125, "35": 0.0125, "36": 0.0125, "37": 0.0125, "38": 0.0125, "39": 0.0125}]}, "3": {"0": ["normal", {"mean": 2223.19400921659, "variance": 10552.589821170961}], "1": ["normal", {"mean": 137.61658986175115, "variance": 7676.319503349459}], "2": ["normal", {"mean": 18.521658986175115, "variance": 86.02465745857528}], "3": ["normal", {"mean": 106.85253456221199, "variance": 19518.09258232361}], "4": ["normal", {"mean": 41.66958525345622, "variance": 3553.7409371262}], "5": ["normal", {"mean": 911.5778801843318, "variance": 135028.23206005018}], "6": ["normal", {"mean": 228.19493087557603, "variance": 584.095225559996}], "7": ["normal", {"mean": 216.89493087557602, "variance": 436.68144040554694}], "8": ["normal", {"mean": 111.51612903225806, "variance": 2430.6896890197654}], "9": ["normal", {"mean": 855.1055299539171, "variance": 230213.80398047052}], "10": ["uniform", {"0": 0.125, "1": 0.125, "2": 0.125, "3": 1.0}], "11": ["uniform", {"0": 0.06589861751152074, "1": 0.041935483870967745, "2": 0.3686635944700461, "3": 0.059907834101382486, "4": 0.01566820276497696, "5": 0.11705069124423963, "6": 0.0125, "7": 0.0125, "8": 0.0125, "9": 0.08294930875576037, "10": 0.013824884792626729, "11": 0.0125, "12": 0.0125, "13": 0.055299539170506916, "14": 0.0125, "15": 0.018433179723502304, "16": 0.16036866359447005, "17": 0.0125, "18": 0.0125, "19": 0.0125, "20": 0.0125, "21": 0.0125, "22": 0.0125, "23": 0.0125, "24": 0.0125, "25": 0.0125, "26": 0.0125, "27": 0.0125, "28": 0.0125, "29": 0.0125, "30": 0.0125, "31": 0.0125, "32": 0.0125, "33": 0.0125, "34": 0.0125, "35": 0.0125, "36": 0.0125, "37": 0.0125, "38": 0.0125, "39": 0.0125}]}, "4": {"0": ["normal", {"mean": 2787.4017004578154, "variance": 9306.171294857933}], "1": ["normal", {"mean": 138.8648790058862, "variance": 8275.721274203699}], "2": ["normal", {"mean": 16.61386527141923, "variance": 67.4330364051844}], "3": ["normal", {"mean": 212.62903858731198, "variance": 32459.69491803161}], "4": ["normal", {"mean": 51.04708960104644, "variance": 3416.818818386136}], "5": ["normal", {"mean": 1349.8630477436234, "variance": 1088107.8238632898}], "6": ["normal", {"mean": 223.63924133420537, "variance": 508.05874249080824}], "7": ["normal", {"mean": 219.08436886854153, "variance": 620.0063555834367}], "8": ["normal", {"mean": 121.77148463047743, "variance": 2439.5104374214343}], "9": ["normal", {"mean": 1580.5107913669065, "variance": 1006459.3553584135}], "10": ["uniform", {"0": 0.4013080444735121, "1": 0.125, "2": 0.5986919555264879, "3": 0.125}],