{"0": {"0": ["normal", {"mean": 5.0131578947368425, "variance": 0.13090327169274538}], "1": ["normal", {"mean": 3.4368421052631577, "variance": 0.10995732574679941}], "2": ["normal", {"mean": 1.4552631578947368, "variance": 0.03497155049786629}], "3": ["normal", {"mean": 0.23684210526315788, "variance": 0.011038406827880513}]}, "1": {"0": ["normal", {"mean": 5.9425, "variance": 0.313275641025641}], "1": ["normal", {"mean": 2.755, "variance": 0.11433333333333334}], "2": ["normal", {"mean": 4.26, "variance": 0.25938461538461544}], "3": ["normal", {"mean": 1.34, "variance": 0.04246153846153846}]}, "2": {"0": ["normal", {"mean": 6.6, "variance": 0.43268292682926834}], "1": ["normal", {"mean": 2.9523809523809526, "variance": 0.11133565621370499}], "2": ["normal", {"mean": 5.559523809523809, "variance": 0.29271196283391404}], "3": ["normal", {"mean": 2.0023809523809524, "variance": 0.07145760743321719}]}}